module_name,transformer_layer,module_type,feature_dim,k,minimum,median,mean,maximum,q90,q95,q98,q99,q99_5,maximum_over_median,existing_topk_boundary,existing_topk_concentration,count_ge_1_2x_median,fraction_ge_1_2x_median,count_ge_1_5x_median,fraction_ge_1_5x_median,count_ge_2x_median,fraction_ge_2x_median,count_ge_3x_median,fraction_ge_3x_median,count_ge_4x_median,fraction_ge_4x_median,count_ge_8x_median,fraction_ge_8x_median,count_ge_16x_median,fraction_ge_16x_median
model.layers.0.mlp.down_proj,0,mlp.down_proj,5120,80,0.29777002334594727,0.6492435932159424,1.231706142425537,1141.785400390625,1.0864543914794922,1.285679578781128,1.810998558998108,3.2267088890075684,8.00222396850586,1758.639457241221,2.1666762828826904,0.4406192898750305,1703,0.3326171875,814,0.158984375,249,0.0486328125,91,0.0177734375,62,0.012109375,39,0.0076171875,23,0.0044921875
model.layers.0.self_attn.o_proj,0,self_attn.o_proj,5120,80,0.06481032818555832,0.08344040811061859,0.09212324768304825,2.165614366531372,0.11769130080938339,0.13340747356414795,0.16131968796253204,0.1915608048439026,0.2375287115573883,25.954024142120378,0.16888540983200073,0.049721743911504745,975,0.1904296875,368,0.071875,83,0.0162109375,21,0.0041015625,15,0.0029296875,5,0.0009765625,1,0.0001953125
model.layers.1.mlp.down_proj,1,mlp.down_proj,5120,80,0.2845808267593384,0.3280099928379059,0.3384213447570801,3.284688949584961,0.36054301261901855,0.39060845971107483,0.44562509655952454,0.4793931245803833,0.5524853467941284,10.013990492076775,0.4561134874820709,0.029342761263251305,249,0.0486328125,42,0.008203125,11,0.0021484375,6,0.001171875,5,0.0009765625,1,0.0001953125,0,0.0
model.layers.1.self_attn.o_proj,1,self_attn.o_proj,5120,80,0.20115366578102112,0.2661391496658325,0.2812981903553009,4.896052837371826,0.3199709951877594,0.37214240431785583,0.46652328968048096,0.5311806797981262,0.6152361035346985,18.396590067712204,0.48202526569366455,0.03694038838148117,519,0.1013671875,204,0.03984375,50,0.009765625,11,0.0021484375,1,0.0001953125,1,0.0001953125,1,0.0001953125
model.layers.10.mlp.down_proj,10,mlp.down_proj,5120,80,0.988996148109436,1.27676522731781,1.2823747396469116,24.80971908569336,1.3233747482299805,1.3379689455032349,1.361641526222229,1.3909794092178345,1.5734094381332397,19.43170017076113,1.3676295280456543,0.02297336421906948,29,0.0056640625,10,0.001953125,4,0.00078125,2,0.000390625,1,0.0001953125,1,0.0001953125,1,0.0001953125
model.layers.10.self_attn.o_proj,10,self_attn.o_proj,5120,80,0.22999265789985657,0.8803406953811646,0.879543125629425,12.42749309539795,0.958317220211029,0.982770562171936,1.0242154598236084,1.0739634037017822,1.1897419691085815,14.116685915578591,1.0406540632247925,0.023219063878059387,65,0.0126953125,13,0.0025390625,2,0.000390625,1,0.0001953125,1,0.0001953125,1,0.0001953125,0,0.0
model.layers.11.mlp.down_proj,11,mlp.down_proj,5120,80,0.50579833984375,1.3662115335464478,1.37680983543396,29.146305084228516,1.4481558799743652,1.4904242753982544,1.561482548713684,1.6170918941497803,1.7441633939743042,21.333669324668758,1.5835134983062744,0.025309612974524498,46,0.008984375,16,0.003125,8,0.0015625,2,0.000390625,1,0.0001953125,1,0.0001953125,1,0.0001953125
model.layers.11.self_attn.o_proj,11,self_attn.o_proj,5120,80,0.33179008960723877,0.9428804516792297,0.9561424255371094,30.35881233215332,1.0577291250228882,1.0981800556182861,1.1653409004211426,1.2549371719360352,1.44251549243927,32.19794437151133,1.1914669275283813,0.029578130692243576,157,0.0306640625,30,0.005859375,10,0.001953125,2,0.000390625,1,0.0001953125,1,0.0001953125,1,0.0001953125
model.layers.12.mlp.down_proj,12,mlp.down_proj,5120,80,0.7862346172332764,1.3758436441421509,1.4185060262680054,28.277746200561523,1.599079966545105,1.6788755655288696,1.7892136573791504,1.8807752132415771,2.0099620819091797,20.553023100377743,1.8260107040405273,0.029588311910629272,333,0.0650390625,21,0.0041015625,6,0.001171875,3,0.0005859375,2,0.000390625,2,0.000390625,2,0.000390625
model.layers.12.self_attn.o_proj,12,self_attn.o_proj,5120,80,0.25446927547454834,0.8085182309150696,0.819520115852356,15.05669116973877,0.883841872215271,0.9189006686210632,0.983955442905426,1.081363320350647,1.2364888191223145,18.622574722523964,1.0134917497634888,0.026183288544416428,117,0.0228515625,27,0.0052734375,3,0.0005859375,2,0.000390625,1,0.0001953125,1,0.0001953125,1,0.0001953125
model.layers.13.mlp.down_proj,13,mlp.down_proj,5120,80,0.9158636331558228,2.2431368827819824,2.4519641399383545,289.19769287109375,3.3614392280578613,3.777235269546509,4.329839706420898,4.7846221923828125,5.244081020355225,128.9255662866303,4.477289199829102,0.06247074529528618,1393,0.2720703125,509,0.0994140625,78,0.015234375,17,0.0033203125,9,0.0017578125,2,0.000390625,2,0.000390625
model.layers.13.self_attn.o_proj,13,self_attn.o_proj,5120,80,0.292178213596344,0.857333779335022,0.8641112446784973,16.275339126586914,0.9345482587814331,0.9620242118835449,1.0024981498718262,1.0510444641113281,1.1409094333648682,18.98366717710649,1.0155390501022339,0.02424883469939232,66,0.012890625,11,0.0021484375,3,0.0005859375,2,0.000390625,1,0.0001953125,1,0.0001953125,1,0.0001953125
model.layers.14.mlp.down_proj,14,mlp.down_proj,5120,80,1.0123789310455322,1.659138798713684,1.7531251907348633,25.70499038696289,2.210636615753174,2.391295909881592,2.5985941886901855,2.7682013511657715,2.961472988128662,15.492971659087079,2.646703004837036,0.031614527106285095,1062,0.207421875,177,0.0345703125,10,0.001953125,4,0.00078125,3,0.0005859375,2,0.000390625,0,0.0
model.layers.14.self_attn.o_proj,14,self_attn.o_proj,5120,80,0.39644506573677063,0.917277455329895,0.9352912902832031,17.305519104003906,1.056012511253357,1.1100196838378906,1.1675868034362793,1.2556402683258057,1.4171268939971924,18.86617729831815,1.196567177772522,0.0268983356654644,279,0.0544921875,29,0.0056640625,6,0.001171875,2,0.000390625,2,0.000390625,1,0.0001953125,1,0.0001953125
model.layers.15.mlp.down_proj,15,mlp.down_proj,5120,80,0.5541411638259888,1.5050480365753174,1.508165955543518,14.965869903564453,1.5684479475021362,1.5923854112625122,1.625014305114746,1.654813528060913,1.6800669431686401,9.943782218153482,1.6356791257858276,0.0194688867777586,6,0.001171875,2,0.000390625,2,0.000390625,1,0.0001953125,1,0.0001953125,1,0.0001953125,0,0.0
model.layers.15.self_attn.o_proj,15,self_attn.o_proj,5120,80,0.2434183955192566,0.934131920337677,0.9283830523490906,13.317794799804688,1.0210371017456055,1.0494107007980347,1.0873090028762817,1.1222134828567505,1.1826748847961426,14.256867268801253,1.0975362062454224,0.02314355969429016,53,0.0103515625,9,0.0017578125,3,0.0005859375,2,0.000390625,1,0.0001953125,1,0.0001953125,0,0.0
model.layers.16.mlp.down_proj,16,mlp.down_proj,5120,80,1.1256074905395508,1.647269368171692,1.656816840171814,21.42388916015625,1.7107139825820923,1.7341313362121582,1.7705137729644775,1.8033208847045898,1.8681721687316895,13.005698748550563,1.7826619148254395,0.0205709096044302,11,0.0021484375,4,0.00078125,2,0.000390625,2,0.000390625,1,0.0001953125,1,0.0001953125,0,0.0
model.layers.16.self_attn.o_proj,16,self_attn.o_proj,5120,80,0.30982252955436707,1.0789563655853271,1.0763030052185059,11.789709091186523,1.1580779552459717,1.1848846673965454,1.214874267578125,1.2439630031585693,1.3007731437683105,10.92695633228011,1.230045199394226,0.021160472184419632,28,0.00546875,2,0.000390625,2,0.000390625,2,0.000390625,1,0.0001953125,1,0.0001953125,0,0.0
model.layers.17.mlp.down_proj,17,mlp.down_proj,5120,80,0.944620668888092,1.9372533559799194,1.9583816528320312,20.91163444519043,2.056300163269043,2.113907814025879,2.2063369750976562,2.3056678771972656,2.395411252975464,10.794475787402993,2.2351129055023193,0.021268509328365326,44,0.00859375,5,0.0009765625,2,0.000390625,2,0.000390625,1,0.0001953125,1,0.0001953125,0,0.0
model.layers.17.self_attn.o_proj,17,self_attn.o_proj,5120,80,0.3774183392524719,1.2125420570373535,1.218782901763916,15.633156776428223,1.3021693229675293,1.33403480052948,1.384360909461975,1.501110315322876,1.7857720851898193,12.892877971280651,1.407822847366333,0.024556497111916542,63,0.0123046875,25,0.0048828125,3,0.0005859375,2,0.000390625,1,0.0001953125,1,0.0001953125,0,0.0
model.layers.18.mlp.down_proj,18,mlp.down_proj,5120,80,1.240925908088684,2.1974666118621826,2.2324483394622803,33.37888717651367,2.370818853378296,2.4707250595092773,2.6261775493621826,2.741701126098633,2.912428379058838,15.189713006937408,2.6732425689697266,0.02339126169681549,97,0.0189453125,9,0.0017578125,2,0.000390625,2,0.000390625,1,0.0001953125,1,0.0001953125,0,0.0
model.layers.18.self_attn.o_proj,18,self_attn.o_proj,5120,80,0.6284390091896057,1.2580024003982544,1.2705484628677368,16.0132999420166,1.3492404222488403,1.3881423473358154,1.4523959159851074,1.5116318464279175,1.5772494077682495,12.729148956271596,1.4787877798080444,0.021970383822917938,52,0.01015625,2,0.000390625,2,0.000390625,2,0.000390625,1,0.0001953125,1,0.0001953125,0,0.0
model.layers.19.mlp.down_proj,19,mlp.down_proj,5120,80,1.1344457864761353,2.30950665473938,2.3311705589294434,25.04808807373047,2.4190995693206787,2.4707396030426025,2.582987070083618,2.6919147968292236,2.831099271774292,10.845644467977106,2.6230239868164062,0.021543962880969048,30,0.005859375,6,0.001171875,3,0.0005859375,2,0.000390625,2,0.000390625,1,0.0001953125,0,0.0
model.layers.19.self_attn.o_proj,19,self_attn.o_proj,5120,80,0.4731862246990204,1.1950929164886475,1.2258243560791016,20.55708122253418,1.3581874370574951,1.4396424293518066,1.5633553266525269,1.7391153573989868,1.9710973501205444,17.201240957007595,1.6258635520935059,0.027972986921668053,266,0.051953125,46,0.008984375,6,0.001171875,2,0.000390625,2,0.000390625,1,0.0001953125,1,0.0001953125
model.layers.2.mlp.down_proj,2,mlp.down_proj,5120,80,0.48206430673599243,1.0631057024002075,1.927647352218628,1679.69140625,1.7487448453903198,2.1905314922332764,3.6090188026428223,5.864524841308594,15.40269947052002,1579.9853226802447,4.10819149017334,0.40708601474761963,1583,0.3091796875,743,0.1451171875,285,0.0556640625,122,0.023828125,74,0.014453125,36,0.00703125,26,0.005078125
model.layers.2.self_attn.o_proj,2,self_attn.o_proj,5120,80,0.19617505371570587,0.3106479048728943,0.3300618529319763,5.382355213165283,0.382132887840271,0.46659964323043823,0.5872445106506348,0.6355653405189514,0.7041247487068176,17.326224090799986,0.6036122441291809,0.03601100668311119,576,0.1125,258,0.050390625,62,0.012109375,8,0.0015625,1,0.0001953125,1,0.0001953125,1,0.0001953125
model.layers.20.mlp.down_proj,20,mlp.down_proj,5120,80,1.5940741300582886,2.5281596183776855,2.594569444656372,37.38753890991211,2.7222394943237305,2.8411405086517334,3.0800909996032715,3.452911853790283,4.470278263092041,14.788440823963327,3.2124502658843994,0.03208285942673683,113,0.0220703125,37,0.0072265625,20,0.00390625,11,0.0021484375,5,0.0009765625,2,0.000390625,0,0.0
model.layers.20.self_attn.o_proj,20,self_attn.o_proj,5120,80,0.5665130019187927,1.1777827739715576,1.2026736736297607,24.297142028808594,1.3083218336105347,1.3627166748046875,1.4458954334259033,1.5517555475234985,1.808612585067749,20.629561380726518,1.4747754335403442,0.02887965925037861,144,0.028125,32,0.00625,9,0.0017578125,3,0.0005859375,2,0.000390625,2,0.000390625,1,0.0001953125
model.layers.21.mlp.down_proj,21,mlp.down_proj,5120,80,1.6676995754241943,2.6722910404205322,2.695047616958618,17.745410919189453,2.8364169597625732,2.9145607948303223,3.0334837436676025,3.113755464553833,3.195779323577881,6.640523300335168,3.067521572113037,0.019948869943618774,23,0.0044921875,2,0.000390625,2,0.000390625,2,0.000390625,1,0.0001953125,0,0.0,0,0.0
model.layers.21.self_attn.o_proj,21,self_attn.o_proj,5120,80,0.7633259296417236,1.1884020566940308,1.2097092866897583,15.637103080749512,1.3252776861190796,1.3844196796417236,1.4598544836044312,1.526726484298706,1.6239254474639893,13.158091567301522,1.4901816844940186,0.02402431331574917,153,0.0298828125,11,0.0021484375,2,0.000390625,2,0.000390625,2,0.000390625,1,0.0001953125,0,0.0
model.layers.22.mlp.down_proj,22,mlp.down_proj,5120,80,2.2796096801757812,2.9822285175323486,3.027700424194336,23.913667678833008,3.2410097122192383,3.3560495376586914,3.5158851146698,3.627361536026001,3.7856149673461914,8.018724097850296,3.5654327869415283,0.021237775683403015,72,0.0140625,3,0.0005859375,2,0.000390625,2,0.000390625,2,0.000390625,1,0.0001953125,0,0.0
model.layers.22.self_attn.o_proj,22,self_attn.o_proj,5120,80,0.9616901874542236,1.478668451309204,1.5155802965164185,14.029391288757324,1.674188494682312,1.821478247642517,2.02951979637146,2.1793203353881836,2.391521453857422,9.487854614288812,2.086238145828247,0.026656007394194603,305,0.0595703125,43,0.0083984375,8,0.0015625,2,0.000390625,2,0.000390625,1,0.0001953125,0,0.0
model.layers.23.mlp.down_proj,23,mlp.down_proj,5120,80,2.843571186065674,3.174264669418335,3.2213540077209473,27.428802490234375,3.336930513381958,3.519620656967163,3.8224713802337646,3.9982354640960693,4.291372299194336,8.640994166141962,3.8989179134368896,0.022976988926529884,108,0.02109375,16,0.003125,2,0.000390625,2,0.000390625,2,0.000390625,1,0.0001953125,0,0.0
model.layers.23.self_attn.o_proj,23,self_attn.o_proj,5120,80,0.7381116151809692,1.2449231147766113,1.265529990196228,14.242148399353027,1.3641910552978516,1.424635887145996,1.5336626768112183,1.6570229530334473,1.7982103824615479,11.440183116777163,1.5677639245986938,0.02457415498793125,140,0.02734375,20,0.00390625,3,0.0005859375,2,0.000390625,2,0.000390625,1,0.0001953125,0,0.0
model.layers.24.mlp.down_proj,24,mlp.down_proj,5120,80,1.540893316268921,3.377270221710205,3.3922290802001953,27.546451568603516,3.5050268173217773,3.555276393890381,3.65744686126709,3.7729523181915283,3.965151071548462,8.156425088974478,3.698890209197998,0.020356955006718636,18,0.003515625,3,0.0005859375,2,0.000390625,2,0.000390625,2,0.000390625,1,0.0001953125,0,0.0
model.layers.24.self_attn.o_proj,24,self_attn.o_proj,5120,80,0.8581818342208862,1.6050589084625244,1.6598255634307861,60.59250259399414,1.8145488500595093,1.9028586149215698,2.129714250564575,2.4450924396514893,2.763401508331299,37.750952488114784,2.248394012451172,0.036387957632541656,231,0.0451171875,57,0.0111328125,12,0.00234375,4,0.00078125,3,0.0005859375,2,0.000390625,2,0.000390625
model.layers.25.mlp.down_proj,25,mlp.down_proj,5120,80,2.596689462661743,3.7414839267730713,3.9685559272766113,208.68112182617188,4.633124828338623,5.009212017059326,5.445051193237305,5.7422566413879395,6.0517897605896,55.774961461922864,5.5285563468933105,0.03720363602042198,708,0.13828125,69,0.0134765625,12,0.00234375,5,0.0009765625,3,0.0005859375,2,0.000390625,1,0.0001953125
model.layers.25.self_attn.o_proj,25,self_attn.o_proj,5120,80,0.9070316553115845,1.4808542728424072,1.5309240818023682,23.94979476928711,1.7130546569824219,1.828277349472046,2.06246280670166,2.3708486557006836,2.714728593826294,16.172958547309975,2.1910455226898193,0.03157413378357887,342,0.066796875,74,0.014453125,16,0.003125,3,0.0005859375,3,0.0005859375,2,0.000390625,1,0.0001953125
model.layers.26.mlp.down_proj,26,mlp.down_proj,5120,80,1.6925129890441895,3.5741562843322754,3.5906646251678467,23.81865692138672,3.7232415676116943,3.7909512519836426,3.898207426071167,4.102502822875977,4.37746524810791,6.664134141475161,3.9444565773010254,0.020362649112939835,33,0.0064453125,3,0.0005859375,2,0.000390625,2,0.000390625,2,0.000390625,0,0.0,0,0.0
model.layers.26.self_attn.o_proj,26,self_attn.o_proj,5120,80,0.9222449660301208,1.536378026008606,1.547227382659912,9.477188110351562,1.6601336002349854,1.7013895511627197,1.7614690065383911,1.7909435033798218,1.822001576423645,6.168526202481938,1.772646427154541,0.019763551652431488,15,0.0029296875,3,0.0005859375,2,0.000390625,2,0.000390625,1,0.0001953125,0,0.0,0,0.0
model.layers.27.mlp.down_proj,27,mlp.down_proj,5120,80,1.4837327003479004,3.672231674194336,3.6769497394561768,19.07839012145996,3.7853620052337646,3.826652765274048,3.903653383255005,4.025310039520264,4.2453813552856445,5.195312228127774,3.939002513885498,0.019449220970273018,18,0.003515625,3,0.0005859375,2,0.000390625,2,0.000390625,2,0.000390625,0,0.0,0,0.0
model.layers.27.self_attn.o_proj,27,self_attn.o_proj,5120,80,1.0791822671890259,1.6230735778808594,1.649839997291565,11.00970458984375,1.863350510597229,1.9459083080291748,2.071739435195923,2.1678884029388428,2.2783353328704834,6.78324429642826,2.1138319969177246,0.022876273840665817,252,0.04921875,8,0.0015625,2,0.000390625,2,0.000390625,1,0.0001953125,0,0.0,0,0.0
model.layers.28.mlp.down_proj,28,mlp.down_proj,5120,80,1.3342647552490234,3.908377170562744,3.9066028594970703,25.32541847229004,4.029192924499512,4.0710930824279785,4.146912097930908,4.338094711303711,4.596004486083984,6.479778528806518,4.1762824058532715,0.01996518298983574,21,0.0041015625,2,0.000390625,2,0.000390625,2,0.000390625,2,0.000390625,0,0.0,0,0.0
model.layers.28.self_attn.o_proj,28,self_attn.o_proj,5120,80,1.0749232769012451,1.7802433967590332,1.8194242715835571,18.41520118713379,2.013540267944336,2.1254470348358154,2.3176934719085693,2.469312906265259,2.6559979915618896,10.344204180540151,2.3796868324279785,0.025884486734867096,243,0.0474609375,24,0.0046875,3,0.0005859375,3,0.0005859375,3,0.0005859375,1,0.0001953125,0,0.0
model.layers.29.mlp.down_proj,29,mlp.down_proj,5120,80,1.552815556526184,4.1151227951049805,4.088608741760254,27.321308135986328,4.256913185119629,4.30518102645874,4.370932579040527,4.419698238372803,4.473635196685791,6.639244925688624,4.393369197845459,0.019275115802884102,5,0.0009765625,3,0.0005859375,2,0.000390625,2,0.000390625,2,0.000390625,0,0.0,0,0.0
model.layers.29.self_attn.o_proj,29,self_attn.o_proj,5120,80,1.2582180500030518,1.6287592649459839,1.6925485134124756,20.686931610107422,1.875799536705017,2.140110969543457,2.5611867904663086,2.683364152908325,2.8217685222625732,12.701036952071295,2.6159701347351074,0.02911430224776268,417,0.0814453125,138,0.026953125,3,0.0005859375,2,0.000390625,2,0.000390625,2,0.000390625,0,0.0
model.layers.3.mlp.down_proj,3,mlp.down_proj,5120,80,0.4725039005279541,0.5849107503890991,0.6012046337127686,16.002330780029297,0.6350956559181213,0.6772496700286865,0.743338942527771,0.8264771103858948,0.9538870453834534,27.358585509642445,0.7724140882492065,0.029473667964339256,180,0.03515625,41,0.0080078125,11,0.0021484375,2,0.000390625,1,0.0001953125,1,0.0001953125,1,0.0001953125
model.layers.3.self_attn.o_proj,3,self_attn.o_proj,5120,80,0.16563354432582855,0.35974031686782837,0.3774193227291107,4.985337257385254,0.4385329484939575,0.5031589865684509,0.5699601769447327,0.622840166091919,0.6891709566116333,13.858155518378856,0.594709575176239,0.030747370794415474,566,0.110546875,169,0.0330078125,22,0.004296875,2,0.000390625,1,0.0001953125,1,0.0001953125,0,0.0
model.layers.30.mlp.down_proj,30,mlp.down_proj,5120,80,1.499760627746582,4.458382606506348,4.436627388000488,19.72513198852539,4.634702205657959,4.69768762588501,4.774316787719727,4.833276271820068,4.905456066131592,4.424279773507884,4.803496360778809,0.018534481525421143,5,0.0009765625,2,0.000390625,2,0.000390625,2,0.000390625,2,0.000390625,0,0.0,0,0.0
model.layers.30.self_attn.o_proj,30,self_attn.o_proj,5120,80,1.1018688678741455,1.6752276420593262,1.7066879272460938,24.218852996826172,1.8843469619750977,1.9662989377975464,2.0932352542877197,2.1945197582244873,2.38075852394104,14.457051918660074,2.1399381160736084,0.026485376060009003,182,0.035546875,13,0.0025390625,5,0.0009765625,3,0.0005859375,3,0.0005859375,2,0.000390625,0,0.0
model.layers.31.mlp.down_proj,31,mlp.down_proj,5120,80,1.6502094268798828,4.812406539916992,4.776058673858643,24.6990966796875,5.041872024536133,5.121063709259033,5.225449562072754,5.316039562225342,5.391853332519531,5.13237950177699,5.26347017288208,0.01915104128420353,4,0.00078125,2,0.000390625,2,0.000390625,2,0.000390625,2,0.000390625,0,0.0,0,0.0
model.layers.31.self_attn.o_proj,31,self_attn.o_proj,5120,80,1.4657055139541626,2.1333401203155518,2.1743197441101074,14.538251876831055,2.41762638092041,2.5510756969451904,2.7313520908355713,2.8759939670562744,3.0362865924835205,6.814783886725309,2.792801856994629,0.023614617064595222,245,0.0478515625,14,0.002734375,3,0.0005859375,2,0.000390625,2,0.000390625,0,0.0,0,0.0
model.layers.32.mlp.down_proj,32,mlp.down_proj,5120,80,1.8770443201065063,5.2203264236450195,5.195538520812988,31.31616973876953,5.4354023933410645,5.504086494445801,5.599820613861084,5.684164524078369,5.745993614196777,5.9988911032317125,5.6265974044799805,0.019028032198548317,4,0.00078125,2,0.000390625,2,0.000390625,2,0.000390625,2,0.000390625,0,0.0,0,0.0
model.layers.32.self_attn.o_proj,32,self_attn.o_proj,5120,80,0.9829274415969849,1.966650366783142,1.9938850402832031,23.95261001586914,2.215752601623535,2.303378105163574,2.409348487854004,2.4716901779174805,2.535804033279419,12.179394172157057,2.4392614364624023,0.02332134172320366,154,0.030078125,2,0.000390625,2,0.000390625,2,0.000390625,2,0.000390625,2,0.000390625,0,0.0
model.layers.33.mlp.down_proj,33,mlp.down_proj,5120,80,1.5968269109725952,5.577463150024414,5.524317264556885,38.69668960571289,5.791027545928955,5.855605602264404,5.9508843421936035,6.034478664398193,6.169000625610352,6.9380448718058325,5.981254577636719,0.019370736554265022,5,0.0009765625,2,0.000390625,2,0.000390625,2,0.000390625,2,0.000390625,0,0.0,0,0.0
model.layers.33.self_attn.o_proj,33,self_attn.o_proj,5120,80,1.6838781833648682,2.6937835216522217,2.7304818630218506,23.43929100036621,3.0216033458709717,3.119710683822632,3.2588412761688232,3.3336668014526367,3.459961414337158,8.701252647796217,3.288465976715088,0.021984655410051346,121,0.0236328125,2,0.000390625,2,0.000390625,2,0.000390625,2,0.000390625,1,0.0001953125,0,0.0
model.layers.34.mlp.down_proj,34,mlp.down_proj,5120,80,1.8806227445602417,6.224639415740967,6.177271366119385,51.220401763916016,6.521155834197998,6.629378795623779,6.774107456207275,6.886200428009033,7.00759220123291,8.22865363644825,6.817487716674805,0.02065611444413662,9,0.0017578125,5,0.0009765625,2,0.000390625,2,0.000390625,2,0.000390625,1,0.0001953125,0,0.0
model.layers.34.self_attn.o_proj,34,self_attn.o_proj,5120,80,1.3026701211929321,2.801485538482666,2.8152072429656982,39.01518249511719,3.0202584266662598,3.0835702419281006,3.173968553543091,3.253312826156616,3.329643964767456,13.926604995522661,3.2019622325897217,0.02267559990286827,20,0.00390625,2,0.000390625,2,0.000390625,2,0.000390625,2,0.000390625,2,0.000390625,0,0.0
model.layers.35.mlp.down_proj,35,mlp.down_proj,5120,80,2.4145517349243164,7.267709255218506,7.263448238372803,62.3526496887207,7.713109016418457,7.905663967132568,8.20384693145752,8.477112770080566,8.821463584899902,8.579408930530484,8.287574768066406,0.022054320201277733,33,0.0064453125,5,0.0009765625,2,0.000390625,2,0.000390625,2,0.000390625,2,0.000390625,0,0.0
model.layers.35.self_attn.o_proj,35,self_attn.o_proj,5120,80,1.7593183517456055,3.0979573726654053,3.1151058673858643,34.5184326171875,3.3813111782073975,3.4834914207458496,3.6097848415374756,3.711475372314453,3.834247589111328,11.142320072496252,3.655336618423462,0.022586764767766,48,0.009375,5,0.0009765625,2,0.000390625,2,0.000390625,2,0.000390625,2,0.000390625,0,0.0
model.layers.36.mlp.down_proj,36,mlp.down_proj,5120,80,2.9347681999206543,8.56283187866211,8.602128982543945,83.97948455810547,9.289633750915527,9.588667869567871,9.974522590637207,10.397965431213379,10.848780632019043,9.807442881995104,10.11842155456543,0.02274470217525959,63,0.0123046875,6,0.001171875,3,0.0005859375,2,0.000390625,2,0.000390625,1,0.0001953125,0,0.0
model.layers.36.self_attn.o_proj,36,self_attn.o_proj,5120,80,1.9454599618911743,4.083485126495361,4.136167049407959,47.88093948364258,4.597107887268066,4.781436920166016,5.002810478210449,5.246539115905762,5.496915817260742,11.725508481216448,5.083494186401367,0.024310221895575523,156,0.03046875,6,0.001171875,2,0.000390625,2,0.000390625,2,0.000390625,2,0.000390625,0,0.0
model.layers.37.mlp.down_proj,37,mlp.down_proj,5120,80,4.319140434265137,9.913389205932617,10.128499984741211,163.0806884765625,10.675373077392578,11.32058048248291,14.06214714050293,15.91739559173584,17.836626052856445,16.450548353227944,14.675796508789062,0.03210349753499031,204,0.03984375,72,0.0140625,14,0.002734375,5,0.0009765625,2,0.000390625,2,0.000390625,1,0.0001953125
model.layers.37.self_attn.o_proj,37,self_attn.o_proj,5120,80,3.3170578479766846,5.379074573516846,5.4534125328063965,96.07839965820312,5.877556324005127,6.087803840637207,6.375953674316406,6.750563621520996,7.161422252655029,17.861510998793783,6.544828414916992,0.025384612381458282,89,0.0173828125,10,0.001953125,3,0.0005859375,2,0.000390625,2,0.000390625,2,0.000390625,1,0.0001953125
model.layers.38.mlp.down_proj,38,mlp.down_proj,5120,80,11.781913757324219,15.058710098266602,16.41846466064453,945.372802734375,18.55040168762207,21.402921676635742,30.6633358001709,37.109561920166016,52.849525451660156,62.77913556774005,32.69499969482422,0.06548264622688293,597,0.1166015625,225,0.0439453125,106,0.020703125,37,0.0072265625,20,0.00390625,5,0.0009765625,2,0.000390625
model.layers.38.self_attn.o_proj,38,self_attn.o_proj,5120,80,3.5012094974517822,5.216310501098633,5.350517749786377,113.84801483154297,5.835484504699707,6.0866570472717285,6.755562782287598,7.6592793464660645,10.17956829071045,21.825390725411165,6.965606689453125,0.03272455185651779,177,0.0345703125,46,0.008984375,26,0.005078125,9,0.0017578125,3,0.0005859375,1,0.0001953125,1,0.0001953125
model.layers.39.mlp.down_proj,39,mlp.down_proj,5120,80,17.985137939453125,22.147727966308594,25.120464324951172,652.5928955078125,29.38130760192871,42.47325134277344,57.481468200683594,71.01762390136719,97.24433898925781,29.465455621477073,61.94864273071289,0.06526613235473633,709,0.1384765625,393,0.0767578125,241,0.0470703125,64,0.0125,34,0.006640625,6,0.001171875,1,0.0001953125
model.layers.39.self_attn.o_proj,39,self_attn.o_proj,5120,80,4.216450214385986,6.4210405349731445,7.694087028503418,1914.692138671875,8.808514595031738,10.823576927185059,14.188376426696777,19.58821678161621,27.939319610595703,298.19032106139525,15.85560417175293,0.13466984033584595,991,0.1935546875,374,0.073046875,143,0.0279296875,55,0.0107421875,30,0.005859375,10,0.001953125,3,0.0005859375
model.layers.4.mlp.down_proj,4,mlp.down_proj,5120,80,0.3663231432437897,0.7177666425704956,0.7236756086349487,6.997903347015381,0.7480563521385193,0.7640202641487122,0.7976343631744385,0.8332127928733826,0.8780205845832825,9.749552197012388,0.8086201548576355,0.02066165767610073,31,0.0060546875,3,0.0005859375,1,0.0001953125,1,0.0001953125,1,0.0001953125,1,0.0001953125,0,0.0
model.layers.4.self_attn.o_proj,4,self_attn.o_proj,5120,80,0.1534346044063568,0.42579588294029236,0.4439292550086975,5.28666877746582,0.5104495286941528,0.5626726150512695,0.6529337167739868,0.6989167332649231,0.770599365234375,12.415969691766955,0.6716086268424988,0.02881854772567749,509,0.0994140625,117,0.0228515625,15,0.0029296875,1,0.0001953125,1,0.0001953125,1,0.0001953125,0,0.0
model.layers.5.mlp.down_proj,5,mlp.down_proj,5120,80,0.3567737340927124,0.8399880528450012,0.846449077129364,6.1926069259643555,0.8761240243911743,0.8994057774543762,0.9358987212181091,0.9680653810501099,0.9992007613182068,7.372255956486855,0.945934534072876,0.0200429055839777,21,0.0041015625,4,0.00078125,2,0.000390625,1,0.0001953125,1,0.0001953125,0,0.0,0,0.0
model.layers.5.self_attn.o_proj,5,self_attn.o_proj,5120,80,0.14557263255119324,0.4429404139518738,0.46284207701683044,5.04463005065918,0.5435270667076111,0.6159548163414001,0.6977258920669556,0.7707526683807373,0.846620500087738,11.388958631368613,0.7205480337142944,0.02965969406068325,565,0.1103515625,144,0.028125,18,0.003515625,1,0.0001953125,1,0.0001953125,1,0.0001953125,0,0.0
model.layers.6.mlp.down_proj,6,mlp.down_proj,5120,80,0.7207008004188538,0.9859503507614136,0.9959681630134583,6.047801494598389,1.0335880517959595,1.0668628215789795,1.1317392587661743,1.1718307733535767,1.211715579032898,6.133981787143634,1.1500110626220703,0.02024756371974945,44,0.00859375,5,0.0009765625,2,0.000390625,1,0.0001953125,1,0.0001953125,0,0.0,0,0.0
model.layers.6.self_attn.o_proj,6,self_attn.o_proj,5120,80,0.182469442486763,0.5393422245979309,0.5519334673881531,5.440871238708496,0.6113448739051819,0.652335524559021,0.707290530204773,0.7707082629203796,0.8432829976081848,10.087975668444203,0.7276564836502075,0.025161143392324448,280,0.0546875,36,0.00703125,3,0.0005859375,1,0.0001953125,1,0.0001953125,1,0.0001953125,0,0.0
model.layers.7.mlp.down_proj,7,mlp.down_proj,5120,80,0.4235890805721283,1.0809848308563232,1.0805330276489258,10.0910005569458,1.1125712394714355,1.1224217414855957,1.1374629735946655,1.1517808437347412,1.174304485321045,9.335006624424153,1.1424633264541626,0.019456377252936363,14,0.002734375,5,0.0009765625,1,0.0001953125,1,0.0001953125,1,0.0001953125,1,0.0001953125,0,0.0
model.layers.7.self_attn.o_proj,7,self_attn.o_proj,5120,80,0.19968284666538239,0.72414231300354,0.7331759333610535,6.394970893859863,0.7960892915725708,0.8242425918579102,0.8683393597602844,0.9080727100372314,1.0026218891143799,8.831096842463618,0.8780099153518677,0.022414663806557655,100,0.01953125,12,0.00234375,2,0.000390625,1,0.0001953125,1,0.0001953125,1,0.0001953125,0,0.0
model.layers.8.mlp.down_proj,8,mlp.down_proj,5120,80,0.42726051807403564,1.1349221467971802,1.142031192779541,14.059267044067383,1.1794074773788452,1.198176622390747,1.228022575378418,1.256037712097168,1.3837316036224365,12.387869144807418,1.236181616783142,0.022151336073875427,27,0.0052734375,13,0.0025390625,7,0.0013671875,1,0.0001953125,1,0.0001953125,1,0.0001953125,0,0.0
model.layers.8.self_attn.o_proj,8,self_attn.o_proj,5120,80,0.2142050415277481,0.7122734189033508,0.720793604850769,7.468220233917236,0.7770136594772339,0.8017288446426392,0.8492804765701294,0.9528094530105591,1.0793696641921997,10.485046943652137,0.8685332536697388,0.024739351123571396,96,0.01875,29,0.0056640625,4,0.00078125,1,0.0001953125,1,0.0001953125,1,0.0001953125,0,0.0
model.layers.9.mlp.down_proj,9,mlp.down_proj,5120,80,1.0175029039382935,1.6421523094177246,1.8791900873184204,168.08584594726562,2.3583881855010986,2.708066701889038,3.364588499069214,4.424580097198486,8.057968139648438,102.35703776275516,3.786144495010376,0.09344040602445602,1269,0.2478515625,419,0.0818359375,113,0.0220703125,42,0.008203125,33,0.0064453125,13,0.0025390625,6,0.001171875
model.layers.9.self_attn.o_proj,9,self_attn.o_proj,5120,80,0.33799105882644653,0.8851180076599121,0.8915233612060547,13.637374877929688,0.9578253626823425,0.9835512638092041,1.02999746799469,1.080755591392517,1.1967698335647583,15.407408684390433,1.0502973794937134,0.02336699888110161,60,0.01171875,12,0.00234375,3,0.0005859375,1,0.0001953125,1,0.0001953125,1,0.0001953125,0,0.0
